Quest 0,Quest 0,8,13
Quest 1,Quest 1,47,27
Quest 2,Quest 2,32,42
Quest 3,Quest 3,47,42
Quest 4,Quest 4,10,36
Quest 5,Quest 5,10,45
Quest 6,Quest 6,21,31
Quest 7,Quest 7,14,1
Quest 8,Quest 8,8,18
Quest 9,Quest 9,44,5
Quest 10,Quest 10,31,4
Quest 11,Quest 11,24,4
Quest 12,Quest 12,35,1
Quest 13,Quest 13,4,23
Quest 14,Quest 14,40,36
Quest 15,Quest 15,39,17
Quest 16,Quest 16,41,49
Quest 17,Quest 17,18,5
Quest 18,Quest 18,14,35
Quest 19,Quest 19,17,42
Quest 20,Quest 20,30,10
Quest 21,Quest 21,13,33
Quest 22,Quest 22,21,0
Quest 23,Quest 23,3,11
Quest 24,Quest 24,20,13
Quest 25,Quest 25,35,28
Quest 26,Quest 26,1,28
Quest 27,Quest 27,38,3
Quest 28,Quest 28,18,30
Quest 29,Quest 29,10,15
Quest 30,Quest 30,35,16
Quest 31,Quest 31,29,40
Quest 32,Quest 32,47,27
Quest 33,Quest 33,23,42
Quest 34,Quest 34,31,4
Quest 35,Quest 35,29,47
Quest 36,Quest 36,9,47
Quest 37,Quest 37,39,5
Quest 38,Quest 38,44,13
Quest 39,Quest 39,41,6
Quest 40,Quest 40,10,31
Quest 41,Quest 41,20,9
Quest 42,Quest 42,24,31
Quest 43,Quest 43,22,22
Quest 44,Quest 44,25,47
Quest 45,Quest 45,40,36
Quest 46,Quest 46,24,30
Quest 47,Quest 47,23,47
Quest 48,Quest 48,34,8
Quest 49,Quest 49,16,39
Quest 50,Quest 50,49,44
Quest 51,Quest 51,24,8
Quest 52,Quest 52,9,21
Quest 53,Quest 53,43,37
Quest 54,Quest 54,46,13
Quest 55,Quest 55,15,15
Quest 56,Quest 56,21,15
Quest 57,Quest 57,23,18
Quest 58,Quest 58,47,48
Quest 59,Quest 59,13,9
Quest 60,Quest 60,23,38
Quest 61,Quest 61,44,7
Quest 62,Quest 62,32,2
Quest 63,Quest 63,38,11
Quest 64,Quest 64,40,26
Quest 65,Quest 65,39,14
Quest 66,Quest 66,2,21
Quest 67,Quest 67,13,8
Quest 68,Quest 68,19,5
Quest 69,Quest 69,42,49
Quest 70,Quest 70,13,34
Quest 71,Quest 71,48,48
Quest 72,Quest 72,13,32
Quest 73,Quest 73,47,5
Quest 74,Quest 74,21,45
Quest 75,Quest 75,23,24
Quest 76,Quest 76,10,28
Quest 77,Quest 77,20,14
Quest 78,Quest 78,19,38
Quest 79,Quest 79,24,28
Quest 80,Quest 80,44,5
Quest 81,Quest 81,47,41
Quest 82,Quest 82,3,0
Quest 83,Quest 83,26,37
Quest 84,Quest 84,6,15
Quest 85,Quest 85,28,14
Quest 86,Quest 86,11,47
Quest 87,Quest 87,34,43
Quest 88,Quest 88,48,22
Quest 89,Quest 89,31,21
Quest 90,Quest 90,34,24
Quest 91,Quest 91,10,1
Quest 92,Quest 92,1,42
Quest 93,Quest 93,9,47
Quest 94,Quest 94,4,0
Quest 95,Quest 95,30,39
Quest 96,Quest 96,29,46
Quest 97,Quest 97,42,9
Quest 98,Quest 98,5,40
Quest 99,Quest 99,12,35
Quest 100,Quest 100,28,48
Quest 101,Quest 101,41,32
Quest 102,Quest 102,35,14
Quest 103,Quest 103,33,14
Quest 104,Quest 104,44,18
Quest 105,Quest 105,17,10
Quest 106,Quest 106,12,49
Quest 107,Quest 107,20,9
Quest 108,Quest 108,14,43
Quest 109,Quest 109,4,11
Quest 110,Quest 110,6,44
Quest 111,Quest 111,33,15
Quest 112,Quest 112,24,18
Quest 113,Quest 113,24,40
Quest 114,Quest 114,31,43
Quest 115,Quest 115,12,40
Quest 116,Quest 116,4,3
Quest 117,Quest 117,18,12
Quest 118,Quest 118,37,11
Quest 119,Quest 119,37,24
Quest 120,Quest 120,36,19
Quest 121,Quest 121,30,5
Quest 122,Quest 122,23,29
Quest 123,Quest 123,38,44
Quest 124,Quest 124,29,22
Quest 125,Quest 125,19,31
Quest 126,Quest 126,40,21
Quest 127,Quest 127,31,3
Quest 128,Quest 128,44,21
Quest 129,Quest 129,5,21
Quest 130,Quest 130,14,23
Quest 131,Quest 131,44,2
Quest 132,Quest 132,3,1
Quest 133,Quest 133,38,20
Quest 134,Quest 134,49,6
Quest 135,Quest 135,38,12
Quest 136,Quest 136,8,30
Quest 137,Quest 137,22,43
Quest 138,Quest 138,4,14
Quest 139,Quest 139,48,20
Quest 140,Quest 140,5,0
Quest 141,Quest 141,27,41
Quest 142,Quest 142,30,43
Quest 143,Quest 143,43,43
Quest 144,Quest 144,48,6
Quest 145,Quest 145,30,44
Quest 146,Quest 146,3,34
Quest 147,Quest 147,44,11
Quest 148,Quest 148,42,21
Quest 149,Quest 149,39,36
Quest 150,Quest 150,34,6
Quest 151,Quest 151,14,33
Quest 152,Quest 152,28,16
Quest 153,Quest 153,28,39
Quest 154,Quest 154,43,9
Quest 155,Quest 155,14,24
Quest 156,Quest 156,6,3
Quest 157,Quest 157,3,13
Quest 158,Quest 158,39,1
Quest 159,Quest 159,33,35
Quest 160,Quest 160,12,6
Quest 161,Quest 161,15,17
Quest 162,Quest 162,24,12
Quest 163,Quest 163,24,36
Quest 164,Quest 164,47,1
Quest 165,Quest 165,49,32
Quest 166,Quest 166,37,15
Quest 167,Quest 167,31,18
Quest 168,Quest 168,49,18
Quest 169,Quest 169,34,21
Quest 170,Quest 170,27,44
Quest 171,Quest 171,16,43
Quest 172,Quest 172,49,33
Quest 173,Quest 173,35,21
Quest 174,Quest 174,2,12
Quest 175,Quest 175,33,29
Quest 176,Quest 176,12,35
Quest 177,Quest 177,49,29
Quest 178,Quest 178,15,27
Quest 179,Quest 179,43,24
Quest 180,Quest 180,26,48
Quest 181,Quest 181,22,45
Quest 182,Quest 182,8,48
Quest 183,Quest 183,49,35
Quest 184,Quest 184,29,24
Quest 185,Quest 185,8,35
Quest 186,Quest 186,1,10
Quest 187,Quest 187,49,41
Quest 188,Quest 188,7,20
Quest 189,Quest 189,45,46
Quest 190,Quest 190,27,15
Quest 191,Quest 191,35,21
Quest 192,Quest 192,17,45
Quest 193,Quest 193,1,33
Quest 194,Quest 194,9,0
Quest 195,Quest 195,39,16
Quest 196,Quest 196,6,14
Quest 197,Quest 197,42,36
Quest 198,Quest 198,30,19
Quest 199,Quest 199,45,23
Quest 200,Quest 200,3,16
Quest 201,Quest 201,41,3
Quest 202,Quest 202,42,5
Quest 203,Quest 203,42,4
Quest 204,Quest 204,24,22
Quest 205,Quest 205,20,15
Quest 206,Quest 206,9,34
Quest 207,Quest 207,0,14
Quest 208,Quest 208,0,46
Quest 209,Quest 209,49,40
Quest 210,Quest 210,46,36
Quest 211,Quest 211,22,25
Quest 212,Quest 212,33,29
Quest 213,Quest 213,37,42
Quest 214,Quest 214,15,32
Quest 215,Quest 215,2,30
Quest 216,Quest 216,23,18
Quest 217,Quest 217,7,48
Quest 218,Quest 218,40,44
Quest 219,Quest 219,29,3
Quest 220,Quest 220,48,42
Quest 221,Quest 221,13,30
Quest 222,Quest 222,6,4
Quest 223,Quest 223,18,43
Quest 224,Quest 224,6,42
Quest 225,Quest 225,16,21
Quest 226,Quest 226,32,5
Quest 227,Quest 227,36,19
Quest 228,Quest 228,29,4
Quest 229,Quest 229,10,47
Quest 230,Quest 230,13,40
Quest 231,Quest 231,2,23
Quest 232,Quest 232,10,11
Quest 233,Quest 233,27,35
Quest 234,Quest 234,0,35
Quest 235,Quest 235,37,9
Quest 236,Quest 236,21,15
Quest 237,Quest 237,47,32
Quest 238,Quest 238,24,12
Quest 239,Quest 239,43,8
Quest 240,Quest 240,36,24
Quest 241,Quest 241,18,31
Quest 242,Quest 242,18,8
Quest 243,Quest 243,21,30
Quest 244,Quest 244,21,42
Quest 245,Quest 245,25,22
Quest 246,Quest 246,25,12
Quest 247,Quest 247,43,1
Quest 248,Quest 248,21,11
Quest 249,Quest 249,2,16